,Car Make,Car Model,Year,Engine Size (L),Horsepower,Torque (lb-ft),0-60 MPH Time (seconds),Price (in USD),Vehicle Type
0,28,18,2022,3,379,331,4,101200,1
1,16,98,2021,5,630,443,2,274390,1
2,11,5,2022,3,661,561,3,333750,1
3,5,130,2022,5,562,406,3,142700,1
4,21,15,2021,4,710,568,2,298000,1
5,6,112,2022,4,617,553,3,130000,1
6,23,27,2021,4,523,494,3,118500,1
7,9,70,2021,6,490,465,2,59900,1
8,12,120,2022,5,760,625,3,81000,1
9,24,90,2021,3,600,481,2,212000,1
10,4,73,2021,5,630,516,3,201495,1
11,8,64,2021,8,1500,1180,2,3000000,1
12,10,59,2022,6,717,656,3,61000,1
13,13,79,2022,3,296,295,5,70100,1
14,15,99,2021,5,1280,1015,2,2800000,1
15,17,102,2021,5,471,398,4,92950,1
16,18,78,2021,3,416,317,3,104450,1
17,19,93,2021,4,454,384,4,150000,1
18,28,38,2021,2,300,280,4,62000,1
19,1,92,2022,2,505,443,3,78000,1
20,3,33,2021,2,320,243,2,75000,1
21,7,68,2021,6,626,664,3,225000,1
22,21,32,2022,3,671,531,3,225000,1
23,22,155,2021,6,622,468,3,248000,1
24,25,95,2021,6,720,737,2,2800000,1
25,27,0,2021,2,600,738,4,155000,1
26,29,122,2022,0,1914,1696,1,2400000,0
27,28,54,2022,4,414,309,3,100200,1
28,16,36,2021,6,759,531,2,517770,1
29,11,151,2021,4,986,590,2,625000,1
30,5,145,2022,4,591,590,3,117000,1
31,21,32,2021,3,671,531,3,225000,1
32,6,107,2022,3,503,479,3,72800,1
33,23,155,2015,6,622,468,3,222000,1
34,9,52,2021,6,650,650,3,64695,1
35,12,86,2022,3,660,550,3,500000,1
36,24,3,2021,3,350,276,4,45690,1
37,28,165,2022,0,562,479,3,104000,0
38,16,167,2021,4,641,626,3,218000,1
39,11,148,2021,3,611,561,3,222000,1
40,5,140,2022,2,394,369,3,57000,1
41,21,86,2021,4,612,465,3,210000,1
42,6,175,2020,1,369,420,4,148500,0
43,23,46,2019,4,603,627,3,132000,1
44,28,53,2021,2,300,280,5,58900,1
45,16,36,2021,6,759,531,2,518000,1
46,11,151,2021,4,986,590,2,625000,1
47,5,140,2022,2,394,369,3,56200,1
48,21,8,2021,3,562,443,2,192500,1
49,6,107,2022,3,503,479,3,71800,1
50,23,26,2021,4,503,516,3,68000,1
51,9,49,2021,6,455,455,4,42500,1
52,12,118,2022,5,460,420,4,39000,1
53,24,3,2021,3,350,276,4,46100,1
54,4,168,2021,4,503,505,3,142100,1
55,18,78,2021,3,416,317,3,105000,1
56,28,123,2021,2,325,331,5,87200,1
57,16,167,2021,4,641,627,3,218000,1
58,11,148,2021,3,612,560,3,222000,1
59,5,149,2022,3,349,369,4,52500,1
60,21,10,2021,3,592,457,2,241000,1
61,6,110,2022,4,600,553,3,103500,1
62,4,168,2022,4,503,505,3,146000,1
63,5,141,2021,2,444,443,3,75400,1
64,6,104,2022,3,405,406,4,58900,1
65,9,49,2021,6,455,455,4,42900,1
66,10,60,2022,6,797,707,3,78595,1
67,12,86,2021,3,660,550,3,500000,1
68,13,79,2022,2,296,295,5,62750,1
69,16,34,2021,6,770,531,2,417826,1
70,19,93,2021,4,454,384,4,150980,1
71,21,32,2022,3,671,531,3,225000,1
72,23,42,2021,4,503,516,3,70100,1
73,24,1,2021,3,332,270,5,30090,1
74,28,123,2022,2,325,331,5,88700,1
75,5,162,2021,2,394,354,3,67600,1
76,6,107,2022,3,473,406,4,72800,1
77,9,71,2021,6,490,465,2,59900,1
78,11,82,2021,3,710,568,2,274280,1
79,12,119,2021,5,480,420,4,52915,1
80,16,167,2021,4,641,627,3,218009,1
81,28,13,2022,2,300,280,4,61000,1
82,0,121,2022,3,573,476,2,159495,1
83,4,168,2022,4,503,505,3,142086,1
84,7,68,2021,6,626,664,3,219800,1
85,8,64,2022,8,1500,1180,2,3000000,1
86,10,60,2022,6,797,707,3,74290,1
87,13,79,2022,3,380,339,4,71900,1
88,15,99,2022,5,1600,1106,2,3000000,1
89,17,102,2022,5,471,398,4,92950,1
90,18,78,2021,3,416,317,3,105000,1
91,19,93,2022,4,454,384,4,134300,1
92,20,114,2021,2,181,151,6,26830,1
93,21,86,2022,4,620,465,3,213195,1
94,23,155,2015,6,622,468,3,221580,1
95,25,95,2022,6,764,738,2,2800000,1
96,28,14,2022,4,414,309,4,100550,1
97,29,122,2022,0,1914,1696,1,2400000,0
98,30,172,2021,6,624,605,4,330000,1
99,34,147,2022,0,0,737,1,200000,0
101,37,84,2022,3,800,723,2,1700000,1
102,28,13,2022,2,300,280,4,60500,1
103,16,34,2021,6,770,531,2,522000,1
104,11,151,2021,4,986,590,2,625000,1
105,5,162,2022,2,394,354,3,67000,1
106,21,86,2021,4,612,465,3,212500,1
107,6,107,2022,3,503,479,3,75000,1
108,23,153,2021,4,603,664,3,155000,1
109,9,52,2021,6,650,650,3,64000,1
110,12,86,2022,3,660,550,2,500000,1
111,24,1,2021,3,332,270,4,31015,1
112,4,74,2021,5,715,664,3,304995,1
113,8,64,2021,8,1500,1180,2,3000000,1
114,18,78,2021,3,416,317,3,105000,1
115,21,8,2021,3,562,443,3,192500,1
116,28,127,2021,4,690,642,3,190000,1
117,16,167,2021,4,641,627,3,222000,1
118,11,148,2021,3,611,561,3,222000,1
119,5,145,2021,4,591,590,3,115000,1
120,6,104,2022,3,405,406,4,59000,1
121,28,54,2022,4,414,309,4,102100,1
122,16,34,2021,6,730,509,2,417826,1
123,4,74,2021,5,715,664,3,304995,1
124,7,68,2021,6,626,664,3,220300,1
125,5,145,2022,4,591,590,3,114000,1
126,23,155,2021,6,622,468,3,239100,1
127,21,8,2021,3,562,443,3,192500,1
128,6,104,2022,3,405,406,4,58900,1
129,9,52,2021,6,650,650,3,62500,1
130,10,59,2021,6,717,656,3,65290,1
131,11,128,2021,3,592,560,3,219750,1
132,28,126,2022,4,620,604,2,187700,1
133,16,167,2021,4,641,627,3,222004,1
134,23,26,2021,4,469,479,3,71350,1
135,4,168,2021,4,503,505,3,146000,1
136,5,149,2022,3,349,369,4,52500,1
137,28,53,2022,2,365,309,4,68900,1
138,16,34,2021,6,730,507,2,517770,1
139,11,82,2022,3,710,568,2,276550,1
140,5,162,2021,2,394,354,3,67600,1
141,21,8,2021,3,562,443,3,192500,1
142,6,173,2022,3,382,369,3,63700,1
143,23,155,2015,6,622,468,3,221580,1
144,9,49,2022,6,455,455,4,44000,1
145,12,119,2021,5,480,420,4,51720,1
146,24,3,2021,3,350,276,4,45790,1
147,28,123,2022,2,325,331,5,88550,1
148,16,167,2021,4,641,627,3,218009,1
149,11,148,2021,3,612,561,3,222620,1
150,5,133,2022,2,401,369,3,56200,1
151,21,86,2021,4,612,465,3,200000,1
152,6,105,2022,3,444,406,3,84595,1
153,23,26,2021,4,503,516,3,77500,1
154,9,52,2021,6,650,650,3,62500,1
155,0,121,2021,3,573,476,2,157500,1
156,4,73,2022,4,503,513,3,204100,1
157,7,68,2021,6,626,664,3,220300,1
158,8,64,2021,8,1500,1180,2,3000000,1
159,10,169,2017,8,645,600,3,120000,1
160,13,79,2022,3,380,339,4,69900,1
161,15,99,2022,5,1600,1106,2,3000000,1
162,17,102,2022,5,471,398,4,92950,1
163,18,78,2021,3,416,317,3,105950,1
164,19,93,2020,4,454,384,4,150000,1
165,21,8,2020,3,562,443,3,204550,1
166,25,95,2020,6,720,738,3,2700000,1
167,28,54,2022,4,414,309,4,102900,1
168,29,47,2022,0,1914,1696,1,2400000,0
169,30,172,2021,6,624,605,4,330000,1
170,31,67,1965,7,435,440,4,1000000,1
171,34,116,2021,0,1020,1050,1,131190,0
172,35,85,2022,3,382,368,3,43090,1
173,33,94,2022,5,500,479,3,123500,1
174,37,103,2015,3,780,708,2,3400000,1
175,28,13,2021,2,300,280,4,61500,1
176,16,36,2021,6,770,531,2,518000,1
177,11,151,2022,4,986,590,2,507000,1
178,5,136,2021,4,591,590,3,109000,1
179,21,86,2021,4,612,465,3,210000,1
180,6,105,2022,3,444,406,3,84595,1
181,23,155,2015,6,622,468,3,228000,1
182,9,49,2021,6,455,455,4,42000,1
183,12,86,2022,3,660,550,2,500000,1
184,24,3,2021,3,350,276,5,45000,1
185,28,164,2021,0,750,774,2,185000,0
186,16,167,2021,4,641,627,3,222004,1
187,11,82,2021,3,710,568,2,276550,1
188,5,133,2022,2,401,354,3,56000,1
189,21,8,2021,3,562,443,3,191000,1
190,6,110,2022,4,600,553,3,104000,1
191,23,23,2021,4,469,479,3,69900,1
192,9,52,2021,6,650,650,3,64000,1
193,28,164,2022,2,402,254,5,81250,1
194,16,34,2021,6,730,509,2,517700,1
195,4,74,2022,5,715,663,3,330000,1
196,5,137,2021,4,591,590,3,109000,1
197,21,10,2021,3,592,457,2,242500,1
198,22,41,2022,4,503,516,3,77000,1
199,6,107,2022,3,473,406,4,72800,1
200,9,52,2021,6,650,650,3,62000,1
201,10,60,2022,6,797,707,3,76000,1
202,12,86,2022,3,660,550,2,500000,1
203,24,1,2021,3,332,270,4,30090,1
204,28,123,2022,2,325,332,5,87200,1
205,16,167,2021,4,641,626,3,218000,1
206,8,64,2021,8,1500,1180,2,3000000,1
207,11,82,2021,3,710,568,2,274280,1
208,5,138,2021,4,591,590,3,114000,1
209,21,8,2021,3,562,443,3,191000,1
210,4,168,2022,4,503,505,3,142086,1
211,13,79,2022,5,575,516,3,103200,1
212,28,126,2021,4,620,604,2,177700,1
213,16,35,2021,6,729,509,2,417650,1
214,11,151,2021,4,986,590,2,625000,1
215,5,145,2022,4,591,590,3,115045,1
216,21,10,2021,3,592,457,2,256500,1
217,6,106,2022,3,405,406,4,59895,1
218,23,150,2021,4,603,664,3,152500,1
219,9,52,2021,6,650,650,3,64695,1
220,10,59,2022,6,717,656,3,69995,1
221,12,86,2022,3,660,550,2,500000,1
222,28,166,2021,0,750,774,2,185000,0
223,16,167,2021,4,641,627,3,218009,1
224,11,17,2021,6,789,530,2,363730,1
225,5,131,2022,5,562,406,3,183300,1
226,21,86,2021,4,612,465,3,210000,1
227,6,107,2022,3,473,406,4,73795,1
228,23,31,2021,4,577,516,3,183000,1
229,9,71,2021,6,495,470,2,60995,1
230,4,73,2022,5,630,516,3,207000,1
231,7,68,2022,6,626,664,3,203825,1
232,13,80,2021,5,575,516,3,103200,1
233,0,121,2022,3,573,476,2,157500,1
234,18,78,2021,3,416,317,3,99800,1
235,28,54,2021,4,414,309,4,100200,1
236,1,6,2020,1,237,258,4,67150,1
237,5,141,2022,2,444,443,3,77250,1
238,6,106,2021,3,405,406,4,58900,1
239,9,52,2021,6,650,650,3,64695,1
240,10,63,2022,6,717,650,3,71490,1
241,12,86,2022,3,660,550,2,500000,1
242,17,102,2022,5,471,398,4,92950,1
243,19,93,2020,4,454,384,4,150400,1
244,24,3,2021,3,350,276,4,47820,1
245,30,172,2022,6,624,605,4,330000,1
246,32,171,2021,2,310,290,4,38170,1
247,34,116,2022,0,1020,1050,1,131190,0
248,28,54,2021,4,414,309,4,102000,1
249,16,34,2021,6,729,507,2,393695,1
250,11,128,2022,3,591,413,3,218750,1
251,5,145,2021,4,591,590,3,114000,1
252,21,10,2021,3,592,457,2,256500,1
253,6,104,2022,3,405,406,4,58900,1
254,23,27,2021,4,523,494,3,118500,1
255,9,49,2021,6,455,455,4,40590,1
256,12,119,2021,5,480,420,4,52720,1
257,24,3,2021,3,350,276,4,45000,1
258,28,125,2022,4,620,604,3,174300,1
259,16,167,2021,4,641,627,3,222004,1
260,11,151,2022,4,986,590,2,625000,1
261,5,162,2022,2,394,354,3,67895,1
262,21,86,2021,4,612,465,3,210000,1
263,10,59,2021,6,717,656,3,62290,1
264,4,74,2021,5,715,663,3,304995,1
265,13,80,2021,5,575,516,3,103200,1
266,17,102,2022,5,471,398,4,93050,1
267,28,54,2022,4,414,309,4,101200,1
268,6,106,2022,3,405,406,4,59895,1
269,5,135,2021,2,444,443,3,75100,1
270,9,52,2021,6,650,650,3,64195,1
271,18,78,2022,3,416,317,3,105000,1
272,21,86,2021,4,612,465,3,211000,1
273,23,156,2014,6,622,468,3,275000,1
274,8,64,2021,8,1500,1180,2,2998000,1
275,15,99,2021,5,1280,1015,2,3000000,1
276,11,151,2021,4,986,590,2,625000,1
277,16,36,2020,6,770,531,2,573966,1
278,29,47,2022,0,1914,1732,1,2400000,0
279,25,97,2021,6,791,774,2,3500000,1
280,26,37,2022,0,1874,1696,1,2500000,0
281,0,121,2022,3,573,476,2,157500,1
282,4,168,2021,4,503,505,3,146000,1
283,7,68,2022,4,542,568,3,219800,1
284,10,59,2022,6,717,656,3,70000,1
285,13,79,2022,2,296,295,5,61600,1
286,14,160,2022,3,368,376,4,52200,1
287,18,78,2021,3,416,317,3,100450,1
288,19,93,2021,4,454,384,4,134300,1
289,28,14,2022,4,414,309,4,102550,1
290,1,92,2021,2,505,443,3,76400,1
291,5,145,2021,4,591,590,3,114000,1
292,6,110,2022,4,600,553,3,103500,1
293,9,52,2022,6,650,650,3,69000,1
294,12,86,2022,3,660,550,3,500000,1
295,16,34,2021,6,770,531,2,417826,1
296,21,32,2021,3,671,531,3,225000,1
297,23,155,2021,4,577,516,3,247500,1
298,24,3,2021,3,350,276,4,45790,1
299,28,164,2022,0,616,774,2,79900,0
300,34,115,2022,0,1020,1050,1,119000,0
301,4,74,2022,5,715,664,3,307820,1
302,7,68,2022,4,542,568,3,207825,1
303,8,64,2021,8,1479,1180,2,2998000,1
304,21,8,2021,3,562,443,3,202500,1
305,28,166,2021,0,750,774,2,185000,0
306,16,35,2021,6,730,509,2,417826,1
307,11,82,2022,3,710,568,2,276550,1
308,5,138,2022,4,591,590,3,114000,1
309,6,105,2022,3,444,406,4,84595,1
310,23,155,2021,6,622,468,3,275000,1
311,9,52,2021,6,650,650,3,63000,1
312,12,86,2022,3,660,550,3,500000,1
313,13,79,2021,5,575,516,3,103200,1
314,18,78,2021,3,416,317,3,96950,1
315,19,93,2022,4,454,384,4,134300,1
316,21,16,2021,4,755,590,2,358000,1
317,24,1,2021,3,332,270,5,30000,1
318,25,95,2021,6,730,738,3,2600000,1
319,28,126,2021,4,620,604,2,180000,1
320,34,116,2021,0,1020,1050,1,131100,0
321,4,73,2021,4,503,513,4,201495,1
322,10,57,2022,6,797,707,3,82190,1
323,18,77,2021,3,416,317,3,96950,1
324,0,121,2021,3,573,476,2,159495,1
325,1,92,2021,2,505,443,3,76950,1
326,7,68,2021,6,626,664,3,202500,1
327,13,79,2022,3,380,339,4,70100,1
328,15,99,2022,5,1280,1015,2,3000000,1
329,17,102,2021,5,471,398,4,92950,1
330,19,93,2022,4,454,384,4,132795,1
331,21,86,2022,4,612,465,3,215500,1
332,22,41,2022,4,503,516,3,80900,1
333,28,13,2021,2,300,280,4,59900,1
334,30,172,2021,6,624,605,4,330000,1
336,9,49,2021,6,455,455,4,40000,1
337,12,86,2022,3,660,550,3,500000,1
338,0,121,2022,3,573,476,2,157500,1
339,4,73,2021,5,630,516,3,209000,1
340,7,68,2022,4,542,568,3,202500,1
341,8,64,2021,8,1500,1180,2,3000000,1
342,10,56,2022,6,717,656,3,67500,1
343,13,79,2021,5,575,516,3,103200,1
344,15,99,2022,5,1280,1106,2,2800000,1
345,17,101,2021,5,471,398,4,92950,1
346,18,78,2021,3,416,317,3,104200,1
347,19,93,2021,4,454,384,4,133050,1
348,21,8,2021,3,562,443,3,196350,1
349,23,26,2022,4,503,516,3,69900,1
350,25,96,2021,6,791,774,2,2600000,1
351,28,54,2022,4,414,309,4,102900,1
352,29,122,2022,0,1914,1696,1,2400000,0
353,30,172,2021,6,624,605,4,338000,1
355,0,121,2022,3,573,476,2,157500,1
356,4,168,2021,4,503,505,3,150000,1
357,7,68,2021,6,626,664,3,218400,1
358,10,60,2021,6,797,707,3,73000,1
359,13,80,2022,5,575,516,3,103200,1
360,17,102,2021,5,471,398,4,92950,1
361,18,78,2021,3,416,317,3,104970,1
362,19,93,2021,4,454,384,4,132400,1
363,28,54,2021,4,414,309,4,101200,1
365,2,21,2021,1,288,236,4,71500,1
366,5,145,2021,4,591,590,3,114000,1
367,6,107,2021,3,473,406,4,71800,1
368,9,52,2021,6,650,650,3,64195,1
369,10,169,2017,8,645,600,3,118795,1
370,11,128,2021,3,591,560,3,218750,1
371,13,79,2022,3,296,295,5,61600,1
372,16,36,2021,6,770,531,2,517700,1
373,21,10,2021,3,592,457,2,240000,1
374,4,73,2021,5,630,516,3,221400,1
375,7,68,2021,6,626,664,3,202500,1
376,8,64,2022,8,1500,1180,2,3000000,1
377,10,59,2021,6,717,656,3,64100,1
378,13,80,2022,5,575,516,3,103200,1
379,15,99,2022,5,1280,1015,2,2800000,1
380,17,102,2021,5,471,398,4,92950,1
381,18,78,2021,3,416,317,3,100450,1
382,19,93,2021,4,454,384,4,150980,1
383,21,32,2022,3,671,531,3,225000,1
384,22,40,2022,4,503,516,3,81550,1
385,25,95,2021,6,764,738,2,3500000,1
386,28,54,2021,4,414,309,4,102550,1
387,29,47,2022,0,1888,1696,1,2400000,0
388,30,172,2021,6,624,642,4,330000,1
389,34,147,2022,0,885,0,1,200000,0
390,35,161,2022,3,382,368,3,43090,1
391,0,121,2021,3,573,476,2,157500,1
392,4,168,2021,4,503,505,3,146000,1
393,7,68,2022,4,542,568,3,207825,1
394,10,59,2021,6,717,656,3,64195,1
395,13,79,2022,3,380,339,4,62250,1
396,17,102,2022,5,471,398,4,92000,1
397,18,78,2021,3,416,317,3,105000,1
398,19,93,2022,4,454,384,4,134300,1
399,21,8,2022,3,562,443,2,204550,1
400,28,54,2021,4,414,309,4,102000,1
401,34,116,2021,0,1020,1050,1,141190,0
402,5,134,2021,2,444,443,3,75100,1
403,6,106,2022,3,405,406,4,59895,1
404,9,52,2021,6,650,650,3,64995,1
405,10,170,2017,8,645,600,3,126190,1
406,12,86,2021,3,660,550,2,500000,1
407,28,165,2022,2,482,472,3,102900,1
408,16,35,2021,6,730,509,2,417650,1
409,4,73,2021,5,630,516,3,205000,1
410,1,92,2022,2,505,443,3,81250,1
411,5,146,2022,4,591,590,3,115045,1
412,6,108,2021,3,503,479,3,75695,1
413,9,49,2022,6,455,455,4,42000,1
414,10,62,2021,6,717,650,3,71490,1
415,11,82,2021,3,710,568,2,274280,1
416,12,86,2021,3,660,550,2,500000,1
417,13,80,2021,5,575,516,3,103200,1
418,15,100,2022,5,1600,1106,2,2800000,1
419,17,102,2021,5,471,398,4,93050,1
420,18,76,2022,0,1973,1254,2,2750000,0
421,21,86,2022,4,612,465,3,210000,1
422,23,30,2021,4,720,590,3,326050,1
423,28,54,2021,4,414,309,4,102500,1
424,16,34,2021,6,770,531,2,417650,1
425,11,128,2021,3,591,560,3,218750,1
426,5,162,2022,2,394,354,3,69000,1
427,21,11,2021,3,592,457,2,256500,1
428,6,107,2022,3,473,406,4,72800,1
429,23,23,2022,4,503,516,3,70000,1
430,9,50,2021,6,455,455,4,44500,1
431,12,119,2021,5,480,420,4,51000,1
432,24,3,2021,3,350,276,5,45000,1
433,4,168,2021,4,503,505,3,146000,1
434,8,64,2022,8,1500,1180,2,3000000,1
435,15,99,2021,5,1262,1106,2,3000000,1
436,25,95,2021,6,764,738,2,2600000,1
437,21,159,2021,4,1035,848,2,2300000,1
438,16,158,2021,6,819,531,2,3600000,1
439,29,47,2021,0,1914,1732,1,2400000,0
440,28,53,2022,2,300,280,4,59900,1
441,16,34,2021,6,770,531,2,393695,1
442,11,128,2021,3,591,413,3,215000,1
443,5,134,2022,2,444,443,3,75100,1
444,21,86,2021,4,620,465,3,210000,1
445,6,173,2022,3,382,369,4,63700,1
446,23,154,2020,3,385,384,4,62000,1
447,9,49,2022,6,455,455,4,42500,1
448,12,118,2022,5,460,420,4,36120,1
449,24,3,2020,3,350,276,4,45790,1
450,4,168,2022,4,503,505,3,146000,1
451,7,68,2021,4,626,664,3,220000,1
452,28,12,2022,2,300,280,4,62000,1
453,16,167,2021,4,641,627,3,222004,1
454,11,81,2021,3,710,568,2,280000,1
455,5,162,2022,2,394,354,3,69900,1
456,21,8,2021,3,562,443,2,208800,1
457,6,107,2022,3,473,406,4,72800,1
458,28,13,2022,2,300,280,4,60500,1
459,16,34,2021,6,730,509,2,393695,1
460,11,151,2022,4,986,590,2,625000,1
461,5,141,2022,2,444,443,3,75100,1
462,21,86,2021,4,612,465,3,208800,1
463,6,104,2022,3,405,406,4,58900,1
464,23,155,2015,6,622,468,3,229000,1
465,9,52,2021,6,650,650,3,62000,1
466,12,86,2022,3,660,550,3,500000,1
467,24,3,2020,3,350,276,5,46200,1
468,10,59,2021,6,717,656,3,71000,1
469,4,74,2021,5,715,663,3,308000,1
470,1,92,2022,2,505,443,3,80500,1
471,13,80,2021,5,575,516,3,105900,1
472,18,78,2020,3,416,317,3,96950,1
473,19,93,2019,4,454,384,4,150980,1
474,28,126,2022,4,630,604,2,180800,1
475,16,167,2021,4,641,627,3,218000,1
476,4,168,2021,4,503,505,3,146000,1
477,18,77,2021,3,416,317,3,94000,1
478,1,7,2020,1,237,258,4,67150,1
479,13,79,2022,3,380,339,4,70900,1
480,19,93,2021,4,454,384,4,134300,1
481,28,54,2021,4,414,309,4,100200,1
482,5,142,2022,2,444,443,3,76450,1
483,6,106,2021,3,405,406,4,58900,1
484,9,52,2022,6,650,650,3,64000,1
485,10,59,2022,6,717,656,3,61500,1
486,12,86,2021,3,647,550,2,500000,1
487,17,102,2022,5,471,398,4,92950,1
488,21,8,2022,3,562,443,3,198950,1
489,22,45,2021,4,503,516,3,77950,1
490,24,3,2021,3,350,276,4,45790,1
491,28,12,2021,2,300,280,4,62000,1
492,16,35,2021,6,729,507,2,417826,1
493,11,82,2021,3,710,568,2,274280,1
494,5,163,2021,2,394,354,3,67600,1
495,6,109,2021,3,473,406,3,71800,1
496,0,121,2021,3,573,476,2,159495,1
497,4,74,2022,5,715,664,3,314500,1
498,7,68,2022,6,626,664,3,214425,1
499,8,64,2022,8,1500,1180,2,3000000,1
500,10,59,2022,6,717,656,3,71490,1
501,13,79,2021,5,575,516,3,105900,1
502,15,99,2021,5,1280,1106,2,2800000,1
503,17,102,2021,5,471,398,4,92950,1
504,18,78,2021,3,416,317,3,104400,1
505,19,93,2022,4,454,384,4,150980,1
506,21,32,2022,3,671,531,3,225000,1
507,25,95,2021,6,764,738,2,2600000,1
508,28,54,2022,4,414,309,4,102000,1
509,29,47,2021,0,1914,1696,1,2400000,0
510,30,172,2021,6,624,605,4,335550,1
511,34,116,2021,0,1020,1050,1,141990,0
512,35,85,2022,3,382,368,3,43090,1
513,33,94,2021,5,500,420,3,157500,1
514,36,132,2021,6,1200,1300,2,220000,1
515,37,83,2022,3,800,723,2,1550000,1
516,0,121,2021,3,573,476,2,157500,1
517,4,74,2022,5,715,663,3,308000,1
518,7,68,2021,6,626,664,3,202500,1
519,8,64,2021,8,1500,1180,2,3000000,1
520,10,59,2021,6,717,656,3,65000,1
521,13,79,2021,3,380,339,4,63100,1
522,17,102,2021,5,471,398,4,92950,1
523,18,76,2022,0,1973,1254,2,2600000,0
524,19,93,2021,4,454,384,4,134300,1
525,28,164,2021,0,616,774,2,185000,0
526,29,47,2022,0,1914,1696,1,2400000,0
527,34,116,2022,0,1020,1050,1,140000,0
528,21,32,2022,3,671,531,3,225000,1
529,23,30,2021,4,720,590,3,325000,1
530,9,52,2021,6,650,650,3,63000,1
531,12,86,2021,3,647,550,3,500000,1
532,4,74,2021,5,715,664,3,307820,1
533,13,79,2022,5,575,516,3,103200,1
534,10,60,2021,6,797,707,3,80190,1
535,18,78,2022,3,416,317,3,105000,1
536,1,7,2020,1,237,258,4,68745,1
537,32,171,2022,2,310,290,5,38170,1
538,0,121,2022,3,573,476,2,157500,1
539,15,99,2021,5,1280,1015,2,2800000,1
540,34,116,2022,0,1020,1050,1,139990,0
541,8,66,2022,8,1578,1180,2,5200000,1
542,21,157,2020,4,789,590,2,1500000,1
543,28,166,2022,0,750,774,2,185000,0
544,23,156,2014,6,622,468,3,275000,1
545,17,102,2022,5,471,398,4,93050,1
546,9,52,2022,6,650,650,3,65000,1
547,5,139,2022,4,591,590,3,114000,1
548,12,86,2022,3,660,550,3,500000,1
549,6,105,2022,3,444,406,3,84595,1
550,28,54,2022,4,414,309,4,102550,1
551,16,34,2022,6,770,531,2,393695,1
552,4,168,2021,4,503,505,3,146000,1
553,18,78,2021,3,416,317,3,96950,1
554,28,126,2021,4,620,604,2,180000,1
555,16,35,2022,6,729,507,2,460247,1
556,11,151,2021,4,986,590,2,625000,1
557,5,137,2022,4,591,590,3,110045,1
558,21,8,2021,3,562,443,3,192500,1
559,6,110,2022,4,600,553,3,103500,1
560,23,24,2021,4,503,516,3,77400,1
561,9,52,2021,6,650,650,3,64695,1
562,10,59,2021,6,717,656,3,64195,1
563,12,86,2021,3,660,550,3,500000,1
564,24,3,2020,3,350,276,5,46815,1
565,28,54,2021,4,414,309,4,102550,1
566,5,162,2021,2,394,354,3,67895,1
567,9,72,2023,5,625,650,2,85000,1
568,16,167,2022,4,641,626,3,218009,1
569,23,29,2021,4,630,664,3,162900,1
570,11,129,2022,3,612,560,3,245000,1
571,8,64,2021,8,1479,1180,2,3000000,1
572,4,74,2021,5,715,664,3,304995,1
573,18,78,2021,3,416,317,3,100450,1
574,28,54,2022,4,414,309,4,100200,1
575,0,121,2021,3,573,476,2,157500,1
576,17,101,2021,5,471,398,4,92950,1
577,1,92,2021,2,505,443,3,74750,1
578,5,145,2021,4,591,590,3,114000,1
579,7,68,2021,6,626,664,3,218400,1
580,6,110,2021,4,600,553,3,103500,1
581,9,52,2021,6,650,650,3,64695,1
582,10,56,2021,6,717,656,3,70595,1
583,12,86,2022,3,647,550,3,500000,1
584,13,80,2021,5,575,516,3,103200,1
585,16,34,2021,6,730,509,2,393695,1
586,21,8,2021,3,562,443,3,203500,1
587,23,155,2015,6,583,479,3,221580,1
588,24,3,2020,3,350,276,4,47190,1
589,28,38,2021,2,300,280,4,62000,1
590,28,13,2022,2,300,280,4,61500,1
591,16,34,2021,6,759,531,2,393695,1
592,11,148,2021,3,612,561,3,222630,1
593,5,134,2022,2,444,442,3,75400,1
594,21,8,2020,3,562,443,3,208000,1
595,6,104,2022,3,405,406,4,58900,1
596,23,152,2022,3,429,384,4,96250,1
597,9,48,2021,6,455,455,4,25000,1
598,12,86,2022,3,660,550,3,500000,1
599,24,3,2021,3,350,276,5,45000,1
600,4,74,2021,5,715,664,3,307820,1
601,18,78,2021,3,416,317,3,100450,1
602,19,93,2021,4,454,384,4,134300,1
603,28,123,2022,2,325,331,5,88550,1
604,16,167,2021,4,641,627,3,218009,1
605,11,151,2021,4,986,590,2,625000,1
606,5,136,2022,4,591,590,3,109000,1
607,21,32,2022,3,671,531,3,225000,1
608,28,165,2021,0,429,472,3,103800,0
609,16,35,2021,6,730,509,2,417650,1
610,11,151,2021,4,986,590,2,625000,1
611,5,138,2022,4,591,590,3,117000,1
612,21,8,2021,3,562,443,3,192500,1
613,6,107,2021,3,473,406,4,72800,1
614,23,155,2015,6,622,468,3,228000,1
615,9,49,2021,6,455,455,4,42000,1
616,12,86,2021,3,660,550,3,500000,1
617,24,3,2021,3,350,276,5,48000,1
618,4,74,2021,5,715,664,3,307820,1
619,17,102,2021,5,471,398,4,93000,1
620,7,68,2021,4,626,664,3,202500,1
621,19,93,2021,4,454,384,4,150980,1
622,34,116,2022,0,1020,1050,1,131190,0
623,30,75,2021,6,563,605,4,346300,1
624,8,65,2021,8,1500,1180,2,3599000,1
625,21,157,2019,4,789,590,2,1050000,1
626,28,127,2021,4,690,641,3,186350,2
627,0,121,2021,3,573,476,2,157500,1
628,4,73,2021,4,503,498,3,205600,1
629,5,145,2021,4,591,590,3,114000,1
630,7,68,2021,6,626,664,3,201000,1
631,8,64,2021,8,1500,1180,2,3000000,1
632,9,52,2022,6,650,650,3,67000,1
633,10,56,2021,6,717,656,3,64000,1
634,11,17,2021,6,789,530,2,340000,1
635,16,36,2021,6,770,531,2,517770,1
636,21,11,2021,3,592,457,2,256500,1
637,22,89,2021,4,720,590,3,325000,1
638,24,4,2023,3,400,350,4,40000,1
639,28,54,2021,4,414,309,4,101000,1
640,29,122,2021,0,1914,1696,1,2400000,0
641,30,172,2021,6,624,605,4,330000,1
642,34,116,2021,0,1020,1050,1,139990,0
643,35,161,2021,3,382,368,3,43000,1
644,28,12,2021,2,300,280,4,62000,1
645,28,12,2022,2,300,280,4,62000,1
646,16,35,2021,6,730,509,2,417826,1
647,11,151,2022,4,986,590,2,625000,1
648,5,138,2022,4,591,590,3,114000,1
649,21,32,2021,3,671,531,3,225000,1
650,6,104,2022,3,405,406,4,58900,1
651,23,155,2015,6,583,479,3,221580,1
652,9,52,2021,6,650,650,3,64695,1
653,12,86,2022,3,647,550,3,500000,1
654,24,3,2021,3,350,276,4,45000,1
655,10,62,2021,6,707,650,3,69995,1
656,4,74,2021,5,715,663,3,305000,1
657,1,92,2021,2,505,443,3,75000,1
658,5,162,2021,2,394,354,3,68000,1
659,7,68,2021,6,626,664,3,203825,1
660,6,110,2022,4,600,553,3,103500,1
661,9,71,2021,6,495,470,2,58900,1
662,10,59,2021,6,717,656,3,63000,1
663,12,118,2022,5,460,420,4,45000,1
664,28,53,2022,2,300,280,4,59900,1
665,16,34,2021,6,770,531,2,417826,1
666,11,148,2022,3,612,560,3,222630,1
667,5,145,2022,4,591,590,3,114000,1
668,21,8,2021,3,562,443,2,204995,1
669,6,107,2022,3,473,406,4,71800,1
670,23,155,2021,6,622,468,3,243600,1
671,9,49,2021,6,455,455,4,42000,1
672,12,86,2022,3,660,550,2,500000,1
673,24,3,2021,3,350,276,5,47190,1
674,28,123,2022,2,325,331,5,88550,1
675,16,167,2021,4,641,627,3,218000,1
676,11,151,2021,4,986,590,2,625000,1
677,5,143,2022,4,591,590,3,113000,1
678,21,32,2021,3,671,531,3,225000,1
679,6,104,2022,3,405,406,4,58900,1
680,23,87,2021,4,577,590,3,161200,1
681,9,52,2021,6,650,650,3,63000,1
682,4,74,2021,5,715,663,3,310000,1
683,8,64,2022,8,1500,1180,2,3000000,1
684,15,99,2021,5,1280,1106,2,2800000,1
685,25,95,2021,6,764,737,3,2600000,1
686,29,47,2022,0,1914,1696,1,2400000,0
687,21,157,2021,4,789,590,2,1000000,1
688,28,20,2015,4,887,944,2,1800000,1
689,11,151,2021,4,986,590,2,625000,1
690,16,36,2020,6,759,531,2,517000,1
691,5,137,2021,4,591,590,3,110000,1
692,7,69,2022,6,650,664,3,300000,1
693,9,52,2021,6,650,650,3,68000,1
694,10,59,2021,6,717,656,3,65000,1
695,12,86,2021,3,660,550,2,500000,1
696,17,102,2022,5,471,398,4,92000,1
697,18,76,2022,0,1972,1254,2,2700000,0
698,22,89,2021,4,720,590,3,330000,1
699,4,73,2021,4,503,513,3,205000,1
700,7,68,2022,4,542,568,3,229000,1
701,13,79,2022,2,296,295,5,62750,1
702,18,78,2021,3,416,317,3,100000,1
703,19,93,2021,4,454,384,4,135000,1
704,28,38,2022,2,300,280,4,63000,1
705,1,6,2020,1,237,258,4,67150,1
706,9,48,2022,6,455,455,4,62195,1
707,10,55,2022,3,305,268,6,28000,1
708,12,86,2022,3,660,550,2,500000,1
709,5,145,2022,4,591,590,3,115045,1
710,6,107,2022,3,473,406,4,71800,1
711,16,34,2021,6,729,507,2,393695,1
712,23,23,2021,4,469,479,3,69900,1
713,24,1,2021,3,350,276,5,30090,1
714,28,53,2022,2,300,280,4,68000,1
715,6,175,2022,1,369,184,4,147500,1
716,9,71,2021,6,495,470,2,58900,1
717,28,166,2022,0,750,774,2,185000,0
718,16,35,2021,6,729,507,2,417650,1
719,11,151,2022,4,986,590,2,625000,1
720,5,145,2022,4,591,590,3,115000,1
721,21,86,2022,4,620,465,3,208000,1
722,6,110,2022,4,600,553,3,103500,1
723,23,155,2021,4,730,590,2,250000,1
724,9,52,2021,6,650,650,3,63000,1
725,12,86,2022,3,660,550,2,500000,1
726,24,3,2021,3,350,276,5,46100,1
727,28,126,2022,4,630,604,3,180000,1
728,16,167,2021,4,641,627,3,218000,1
729,11,128,2022,3,591,561,3,250000,1
730,5,162,2022,2,394,354,3,70000,1
731,21,8,2021,3,562,443,3,200000,1
732,6,175,2022,1,369,184,4,148500,2
733,28,13,2022,2,300,280,4,61500,1
734,16,34,2021,6,770,531,2,417826,1
735,11,128,2022,3,612,561,3,245000,1
736,5,162,2022,2,394,354,3,67800,1
737,21,86,2022,4,620,465,3,211300,1
738,6,107,2022,3,473,406,4,71800,1
739,23,155,2015,6,622,468,3,222500,1
740,9,49,2022,6,455,455,4,43995,1
741,12,86,2022,3,660,550,2,500000,1
742,24,3,2021,3,350,276,4,45790,1
743,28,19,2022,3,640,590,2,208000,1
744,21,16,2021,4,755,590,2,358000,1
745,16,167,2021,4,641,627,3,218009,1
746,22,89,2021,4,720,590,3,325000,1
747,6,111,2022,4,617,553,3,103500,1
748,5,145,2022,4,591,590,3,115000,1
749,4,168,2022,4,503,505,3,152995,1
750,11,81,2021,3,710,568,2,274280,1
751,17,102,2022,5,471,398,4,102550,1
752,28,164,2022,0,469,479,3,79900,0
753,16,36,2021,6,759,531,2,517770,1
754,11,151,2021,4,986,590,2,625000,1
755,5,144,2021,4,591,590,3,109000,1
756,21,11,2021,3,592,457,2,256500,1
757,6,107,2022,3,473,406,3,71800,1
758,23,31,2021,4,577,516,3,180000,1
759,9,52,2021,6,650,650,3,64695,1
760,12,86,2022,3,660,550,3,500000,1
761,24,3,2021,3,350,276,5,48000,1
762,28,127,2021,4,690,642,3,190000,1
763,16,167,2021,4,641,627,3,218000,1
764,11,129,2021,3,612,561,3,235000,1
765,5,162,2022,2,394,354,3,67600,1
766,21,32,2022,3,671,531,3,225000,1
767,6,105,2022,3,444,406,3,84595,1
768,23,156,2021,6,622,468,3,335000,1
769,9,49,2021,6,455,455,4,42000,1
770,28,12,2022,2,300,280,4,63000,1
771,16,36,2020,6,759,531,2,573966,1
772,11,151,2022,4,986,590,2,625000,1
773,5,163,2022,2,394,354,3,68000,1
774,21,86,2020,4,612,465,3,210000,1
775,6,174,2022,2,255,295,5,50000,1
776,23,155,2015,6,622,468,3,200000,1
777,9,51,2022,6,455,455,4,49000,1
778,12,86,2021,3,660,550,2,500000,1
779,24,2,2020,3,332,270,5,30090,1
780,4,168,2021,4,503,505,3,142086,1
781,7,68,2022,6,626,664,3,225000,1
782,8,64,2021,8,1479,1180,2,3000000,1
783,10,59,2022,6,717,656,3,68000,1
784,13,79,2022,2,296,295,5,63700,1
785,18,78,2021,3,416,317,3,100000,1
786,19,93,2022,4,454,384,4,150980,1
787,4,74,2021,5,715,664,3,304995,1
788,18,78,2021,3,416,317,3,98395,1
789,28,127,2021,4,689,642,3,190000,1
790,16,36,2021,6,759,531,2,517000,1
791,11,151,2021,4,986,590,2,625000,1
792,5,145,2022,4,591,590,3,117000,1
793,23,150,2021,4,603,664,3,168000,1
794,9,52,2021,6,650,650,3,64500,1
795,12,86,2021,3,660,550,2,500000,1
796,24,3,2021,3,350,276,4,46000,1
797,28,14,2022,4,414,309,4,102000,1
798,22,45,2021,4,503,516,3,77500,1
799,4,168,2021,4,503,505,3,147000,1
800,21,8,2021,3,562,443,3,193000,1
801,6,110,2022,4,600,553,3,103500,1
802,10,59,2021,6,717,656,3,64000,1
803,17,102,2021,5,471,398,4,92950,1
804,22,88,2021,4,630,664,3,162000,1
805,5,162,2021,2,394,354,3,67600,1
806,0,121,2021,3,573,476,2,157500,1
807,28,54,2021,4,414,309,4,102000,1
808,16,35,2021,6,730,509,2,417826,1
809,11,151,2021,4,986,590,2,625000,1
810,5,134,2022,2,444,443,3,76700,1
811,21,9,2020,3,562,443,3,208800,1
812,6,106,2022,3,405,406,4,58900,1
813,23,39,2022,4,469,479,3,69000,1
814,9,49,2021,6,455,455,4,42000,1
815,12,118,2022,5,460,420,4,43000,1
816,10,58,2021,5,372,400,5,35000,1
817,4,168,2021,4,503,505,3,151000,1
818,18,78,2021,3,416,317,3,105000,1
819,1,7,2020,1,237,258,4,69000,1
820,13,79,2022,2,296,295,5,62500,1
821,34,147,2022,0,1000,737,1,200000,0
822,15,99,2022,5,1600,1106,2,3000000,1
823,8,66,2021,8,1578,1180,2,5200000,1
824,29,122,2021,0,1914,1696,1,2400000,0
825,28,54,2022,4,414,309,4,102100,1
826,9,52,2022,6,650,650,3,63000,1
827,4,168,2021,4,503,505,3,142086,1
828,1,92,2022,2,505,443,3,83250,1
829,10,59,2021,6,717,656,3,65000,1
830,17,102,2022,5,471,398,4,93050,1
831,5,139,2021,4,591,590,3,114000,1
832,6,108,2022,3,503,479,3,74700,1
833,23,44,2022,4,503,516,3,77600,1
834,12,86,2022,3,660,550,2,500000,1
835,21,86,2021,4,620,465,3,210000,1
836,28,126,2022,4,630,604,2,181100,1
837,16,35,2021,6,730,507,2,417826,1
838,4,74,2022,5,715,664,3,329100,1
839,5,162,2022,2,394,354,3,67600,1
840,23,25,2021,3,385,384,4,59900,1
841,6,175,2022,1,369,184,4,147500,1
842,9,71,2021,6,490,465,2,59900,1
843,28,164,2022,2,469,263,3,81250,0
844,16,34,2021,6,730,509,2,517000,1
845,11,148,2021,3,611,560,3,222620,1
846,5,145,2022,4,591,590,3,115000,1
847,21,86,2021,4,612,465,3,210000,1
848,6,104,2022,3,405,406,4,58900,1
849,23,42,2021,4,469,479,3,77000,1
850,9,49,2021,6,455,455,4,43995,1
851,12,119,2021,5,480,420,4,51720,1
852,24,3,2021,3,350,276,4,46610,1
853,28,123,2022,2,325,331,5,88550,1
854,16,167,2021,4,641,627,3,218009,1
855,11,151,2021,4,986,590,2,625000,1
856,5,143,2022,4,591,590,3,120000,1
857,21,8,2021,3,562,443,3,192500,1
858,6,107,2022,3,503,479,3,74000,1
859,23,22,2021,2,382,354,4,50000,1
860,9,52,2021,6,650,650,3,63995,1
861,0,121,2021,3,573,476,2,157500,1
862,4,168,2021,4,503,505,3,142086,1
863,7,68,2021,4,542,568,3,202500,1
864,8,64,2022,8,1479,1180,2,2900000,1
865,11,82,2022,3,710,568,2,275000,1
866,16,34,2021,6,730,509,2,517000,1
867,21,86,2021,4,612,465,3,201500,1
868,23,31,2021,4,577,516,3,183000,1
869,28,166,2021,0,750,774,2,185000,0
870,5,145,2021,4,591,590,3,114000,1
871,6,107,2021,3,473,406,4,71800,1
872,9,52,2021,6,650,650,3,63000,1
873,10,60,2022,6,797,707,3,80190,1
874,12,86,2022,3,660,550,2,500000,1
875,13,79,2021,3,380,339,4,62750,1
876,17,102,2021,5,471,398,4,92000,1
877,18,76,2021,0,2000,1254,2,2800000,0
878,19,93,2021,0,550,996,2,200000,0
879,24,1,2021,3,332,270,5,30090,1
880,30,91,2021,6,563,627,4,332500,1
881,28,164,2021,2,402,254,5,81250,1
882,4,73,2021,4,630,516,3,198995,1
883,18,78,2021,3,416,317,3,105000,1
884,0,121,2022,3,573,476,2,157500,1
886,9,48,2022,6,455,455,4,25000,1
887,10,61,2021,6,797,707,3,72000,1
888,13,79,2021,3,380,339,4,62750,1
889,17,102,2021,5,471,398,4,93000,1
890,6,107,2022,3,473,406,4,71800,1
891,12,86,2021,3,660,550,2,500000,1
892,19,93,2021,4,454,384,4,150980,1
893,21,10,2021,3,592,457,2,256500,1
894,23,155,2021,6,622,468,3,254995,1
895,24,1,2021,3,332,270,5,30000,1
896,5,138,2021,4,591,590,3,114000,1
897,7,68,2021,4,542,568,3,220000,1
899,28,53,2022,2,300,280,4,59900,1
900,4,168,2021,4,503,505,3,147000,1
901,1,7,2020,1,237,258,4,67150,1
902,5,134,2022,2,444,443,3,75100,1
903,6,104,2022,3,405,406,4,58900,1
904,10,59,2021,6,717,656,3,60695,1
905,11,81,2022,3,710,568,2,274390,1
906,13,79,2021,3,296,295,5,64700,1
907,16,34,2021,6,759,531,2,517770,1
908,17,102,2022,5,471,398,4,92950,1
909,18,78,2021,3,416,317,3,99990,1
910,19,93,2021,4,454,384,4,150800,1
911,21,86,2021,4,612,465,3,210000,1
912,23,23,2021,4,469,479,3,67600,1
913,24,3,2021,3,350,276,4,45790,1
914,28,123,2022,2,325,331,5,88800,1
915,32,171,2021,2,310,290,5,38170,1
916,34,147,2022,0,0,737,1,200000,0
917,28,13,2022,2,300,280,4,61500,1
918,16,34,2021,6,729,509,2,393695,1
919,11,151,2022,4,986,590,2,625000,1
920,5,142,2022,2,444,443,3,76350,1
921,21,8,2021,3,562,443,3,202000,1
922,6,104,2022,3,405,406,4,58900,1
923,23,152,2022,3,429,384,4,96000,1
924,9,48,2021,6,455,455,4,25000,1
925,12,86,2022,3,660,550,2,500000,1
926,24,1,2021,3,332,270,5,33000,1
927,1,92,2021,2,505,443,3,75250,1
928,4,73,2022,4,630,516,3,201495,1
929,7,68,2021,6,626,664,3,201000,1
930,10,55,2021,6,485,475,3,62000,1
931,13,80,2022,5,575,516,3,103200,1
932,17,102,2022,5,471,398,4,92950,1
933,18,78,2021,3,416,317,3,99000,1
934,19,93,2021,4,454,384,4,150000,1
935,28,54,2021,4,414,309,4,102500,1
936,4,168,2022,4,503,505,3,149995,1
937,10,63,2022,6,717,650,3,78595,1
938,5,138,2021,4,591,590,3,114000,1
939,9,49,2022,6,455,455,4,37500,1
940,12,118,2022,5,460,420,4,38500,1
941,13,80,2022,5,575,516,3,103200,1
942,17,102,2022,5,471,398,4,92950,1
943,21,8,2021,3,562,443,3,208800,1
944,23,26,2022,4,469,479,3,71450,1
945,24,3,2021,3,350,276,4,47820,1
946,28,124,2021,4,473,457,3,134150,1
947,5,162,2022,2,394,354,3,67600,1
948,6,107,2021,3,473,406,3,71800,1
949,11,82,2021,3,710,568,2,274280,1
950,16,34,2021,6,770,531,2,393695,1
951,21,86,2021,4,612,465,3,250000,1
952,23,28,2021,4,630,664,3,171200,1
953,4,74,2022,5,715,663,3,321000,1
954,18,78,2021,3,416,317,3,100500,1
955,28,166,2021,0,750,774,2,185000,0
956,21,8,2021,3,562,443,3,195000,1
957,16,36,2021,6,759,531,2,517770,1
958,12,86,2021,3,660,550,3,500000,1
959,5,146,2022,4,591,590,3,114000,1
960,6,107,2022,3,473,406,4,72800,1
961,22,43,2022,4,503,516,3,78100,1
962,9,52,2021,6,650,650,3,63000,1
963,10,62,2021,6,717,650,3,70000,1
964,1,92,2021,2,505,443,3,78450,1
965,34,116,2022,0,0,0,1,141190,0
966,11,151,2021,4,986,590,2,625000,1
967,28,127,2021,1,689,642,3,190000,2
968,21,32,2022,3,671,531,3,225000,1
969,16,167,2021,4,641,627,3,222000,1
970,12,119,2021,5,480,420,4,52915,1
971,28,18,2022,3,379,331,4,101200,1
972,16,98,2021,5,630,443,2,274390,1
973,11,5,2022,3,661,561,3,333750,1
974,5,130,2022,5,562,406,3,142700,1
975,21,15,2021,4,710,568,2,298000,1
976,6,112,2022,4,617,553,3,130000,1
977,23,27,2021,4,523,494,3,118500,1
978,9,70,2021,6,490,465,2,59900,1
979,12,120,2022,5,760,625,3,81000,1
980,24,90,2021,3,600,481,2,212000,1
981,10,59,2021,6,717,656,3,64195,1
982,4,168,2021,4,503,505,3,147000,1
983,8,64,2022,8,1500,1180,2,3900000,1
984,15,99,2022,5,1280,1015,2,3000000,1
985,25,95,2021,6,764,740,2,2600000,1
986,29,122,2022,0,1914,1696,1,2400000,0
987,18,76,2022,0,1973,1254,2,2000000,0
988,26,37,2021,0,1872,1696,1,2500000,0
989,19,113,2021,3,621,538,2,210000,1
990,28,53,2021,2,300,280,5,59900,1
991,16,34,2021,6,730,509,2,393695,1
992,11,151,2021,4,986,590,2,625000,1
993,5,134,2021,2,444,443,3,75100,1
994,21,86,2022,4,612,465,3,210000,1
995,6,104,2021,3,405,406,4,58900,1
996,23,155,2021,6,622,468,3,254500,1
997,9,48,2021,6,455,455,4,25000,1
998,12,117,2021,2,310,350,5,27205,1
999,24,1,2021,3,332,270,5,30090,1
1000,4,168,2021,4,503,505,3,146000,1
1001,8,64,2021,8,1479,1180,2,3000000,1
1002,15,99,2022,5,1280,1106,2,3000000,1
1003,18,76,2021,0,1972,1254,2,2000000,0
1004,21,157,2021,4,789,590,2,1000000,1
1005,25,95,2021,6,764,738,3,2600000,1
1006,29,122,2021,0,1888,1696,1,2400000,0
